{
	"name": "Plinko",
	"short_name": "Plinko",
	"description": "Plinko by Slotgen is an exciting gambling game that combines luck and strategy. Players drop a disc from the top and watch it navigate through obstacles to land in a prize slot. Each prize slot has different monetary values, providing an exhilarating and engaging experience for players.",
	"start_url": "index.html",
	"display": "fullscreen",
	"orientation": "landscape",
	"background_color": "#1a2c38",
	"icons": [
		{
			"src": "icons/icon-16.png",
			"sizes": "16x16",
			"type": "image/png"
		},
		{
			"src": "icons/icon-32.png",
			"sizes": "32x32",
			"type": "image/png"
		},
		{
			"src": "icons/icon-64.png",
			"sizes": "64x64",
			"type": "image/png"
		},
		{
			"src": "icons/icon-128.png",
			"sizes": "128x128",
			"type": "image/png"
		},
		{
			"src": "icons/icon-256.png",
			"sizes": "256x256",
			"type": "image/png"
		},
		{
			"src": "icons/icon-512.png",
			"sizes": "512x512",
			"type": "image/png"
		}
	],
	"screenshots": []
}